buyer_label,GPT-3.5,claude-haiku-4-5-20251001,gemini-2.5-flash
GPT-3.5,16.70446218469114,10.17913001776586,9.324620325295793
claude-haiku-4-5-20251001,24.272713955083933,15.989755517197663,17.35281416775519
gemini-2.5-flash,25.28646236436343,19.755777387752154,16.58477185389964
