buyer_label,GPT-3.5,claude-haiku-4-5-20251001,gemini-2.5-flash
GPT-3.5,5.711111111111111,7.111111111111111,3.2
claude-haiku-4-5-20251001,2.7555555555555555,3.111111111111111,2.2
gemini-2.5-flash,2.2,2.8444444444444446,3.422222222222222
