buyer_label,GPT-3.5,claude-haiku-4-5-20251001,gemini-2.5-flash
GPT-3.5,0.5777777777777777,0.4888888888888889,0.4444444444444444
claude-haiku-4-5-20251001,0.8,0.5333333333333333,0.6888888888888889
gemini-2.5-flash,0.6444444444444445,0.6666666666666666,0.6444444444444445
