buyer_label,GPT-3.5,claude-haiku-4-5-20251001,gemini-2.5-flash
GPT-3.5,0.13333333333333333,0.17777777777777778,0.044444444444444446
claude-haiku-4-5-20251001,0.022222222222222223,0.0,0.0
gemini-2.5-flash,0.0,0.0,0.0
